scenario,run,source_file,revision_git,throughput,latency_p50_ms,latency_p95_ms,latency_p99_ms,confirmed_writes,uncertain_writes,rejected_writes,omitted_operations,measurement_window_seconds,restored
sin fallas,1,normal-faults-5-001.json,8ba7a131c4f452aac014a4c628794062fa1a8c9b,1.649922968121477,429.876842,1911.786535,2832.88071,99,21,0,0,60.00280129,false
sin fallas,2,normal-faults-5-002.json,8ba7a131c4f452aac014a4c628794062fa1a8c9b,1.9999732668240027,351.569875,1222.567163,2132.226793,120,0,0,0,60.000802006,false
sin fallas,3,normal-faults-5-003.json,8ba7a131c4f452aac014a4c628794062fa1a8c9b,1.9832991036071592,324.371818,1669.492273,2168.862205,119,0,0,1,60.001035539,false
sin fallas,4,normal-faults-5-004.json,8ba7a131c4f452aac014a4c628794062fa1a8c9b,1.9806306443452264,629.710311,1963.100691,2437.514073,120,0,0,0,60.586763283,false
sin fallas,5,normal-faults-5-005.json,8ba7a131c4f452aac014a4c628794062fa1a8c9b,1.8628117513308406,432.784436,1720.32189,2337.332785,114,5,0,1,61.197810202,false
sin fallas,6,normal-faults-5-006.json,8ba7a131c4f452aac014a4c628794062fa1a8c9b,1.9665784041210486,374.769662,1610.417834,2285.396246,120,0,0,0,61.019687671,false
sin fallas,7,normal-faults-5-007.json,8ba7a131c4f452aac014a4c628794062fa1a8c9b,1.9999632256095237,338.560366,1265.850744,1943.241854,120,0,0,0,60.001103252,false
sin fallas,8,normal-faults-5-008.json,8ba7a131c4f452aac014a4c628794062fa1a8c9b,1.9011269642391473,367.68998,1855.342529,2691.173027,115,5,0,0,60.490436548,false
sin fallas,9,normal-faults-5-009.json,8ba7a131c4f452aac014a4c628794062fa1a8c9b,1.9999956624760737,306.915602,1738.235394,2979.760486,120,0,0,0,60.000130126,false
sin fallas,10,normal-faults-5-010.json,8ba7a131c4f452aac014a4c628794062fa1a8c9b,1.9893108546840481,391.298936,1895.654033,2889.40519,120,0,0,0,60.322397436,false
sin fallas,11,normal-faults-5-011.json,8ba7a131c4f452aac014a4c628794062fa1a8c9b,1.999947131197592,333.893801,1623.086773,2122.725922,120,0,0,0,60.001586106,false
sin fallas,12,normal-faults-5-012.json,8ba7a131c4f452aac014a4c628794062fa1a8c9b,1.9928784274827327,297.81844,1848.114856,2491.132139,120,0,0,0,60.214410646,false
sin fallas,13,normal-faults-5-013.json,8ba7a131c4f452aac014a4c628794062fa1a8c9b,1.991248650784238,463.89541,1775.660627,2202.099237,120,0,0,0,60.263694317,false
sin fallas,14,normal-faults-5-014.json,8ba7a131c4f452aac014a4c628794062fa1a8c9b,1.8833133860940503,585.425303,2641.478775,3458.058248,113,7,0,0,60.000635494,false
sin fallas,15,normal-faults-5-015.json,8ba7a131c4f452aac014a4c628794062fa1a8c9b,1.9999750345116418,571.696456,2335.0641,3835.837155,120,0,0,0,60.000748974,false
sin fallas,16,normal-faults-5-016.json,8ba7a131c4f452aac014a4c628794062fa1a8c9b,1.9822739797135838,395.788286,1676.443445,2343.235943,120,0,0,0,60.536535932,false
sin fallas,17,normal-faults-5-017.json,8ba7a131c4f452aac014a4c628794062fa1a8c9b,1.9833062697970778,563.723704,2818.374489,4318.502089,119,0,0,1,60.00081874,false
sin fallas,18,normal-faults-5-018.json,8ba7a131c4f452aac014a4c628794062fa1a8c9b,1.9849482173305708,366.048209,2126.507082,2692.955172,120,0,0,0,60.454977592,false
sin fallas,19,normal-faults-5-019.json,8ba7a131c4f452aac014a4c628794062fa1a8c9b,1.9786791599168172,485.047455,2476.973294,3913.747388,120,0,0,0,60.646517349,false
sin fallas,20,normal-faults-5-020.json,8ba7a131c4f452aac014a4c628794062fa1a8c9b,1.9888176621450926,485.060951,1850.804392,2280.780289,120,0,0,0,60.337356352,false
sin fallas,21,normal-faults-5-021.json,8ba7a131c4f452aac014a4c628794062fa1a8c9b,1.984910165779259,448.751743,2393.483488,3246.523836,120,0,0,0,60.456136539,false
sin fallas,22,normal-faults-5-022.json,8ba7a131c4f452aac014a4c628794062fa1a8c9b,1.9833267332847413,406.296399,1936.794549,2965.36979,119,0,0,1,60.000199666,false
sin fallas,23,normal-faults-5-023.json,8ba7a131c4f452aac014a4c628794062fa1a8c9b,1.8453892942332286,606.310252,2381.420659,3203.969296,111,8,0,1,60.14991002,false
sin fallas,24,normal-faults-5-024.json,8ba7a131c4f452aac014a4c628794062fa1a8c9b,1.999964542928613,616.512744,2284.410644,3784.576547,120,0,0,0,60.001063731,false
sin fallas,25,normal-faults-5-025.json,8ba7a131c4f452aac014a4c628794062fa1a8c9b,1.6666455107407694,331.846877,2387.226237,4006.408026,100,20,0,0,60.000761623,false
sin fallas,26,normal-faults-5-026.json,8ba7a131c4f452aac014a4c628794062fa1a8c9b,1.9999944745485987,477.995653,1935.92058,2488.124366,120,0,0,0,60.000165764,false
sin fallas,27,normal-faults-5-027.json,8ba7a131c4f452aac014a4c628794062fa1a8c9b,1.899983827907652,371.95452,1314.276313,1736.538411,114,5,0,1,60.000510702,false
sin fallas,28,normal-faults-5-028.json,8ba7a131c4f452aac014a4c628794062fa1a8c9b,1.9833007847561095,463.494273,1939.068574,2719.115973,119,0,0,1,60.000984679,false
sin fallas,29,normal-faults-5-029.json,8ba7a131c4f452aac014a4c628794062fa1a8c9b,1.6166494395424622,623.534757,2304.517005,3803.956858,97,23,0,0,60.000639364,false
sin fallas,30,normal-faults-5-030.json,8ba7a131c4f452aac014a4c628794062fa1a8c9b,1.9999642393727561,405.158525,1267.735441,2089.349954,120,0,0,0,60.001072838,false
follower caído,1,follower-down-5-001.json,8ba7a131c4f452aac014a4c628794062fa1a8c9b,1.9734655289933825,357.721873,1374.255247,1791.669998,120,0,0,0,60.806737304,true
follower caído,2,follower-down-5-002.json,8ba7a131c4f452aac014a4c628794062fa1a8c9b,1.7999708671415207,370.846425,1524.730038,2118.064902,108,12,0,0,60.000971111,true
follower caído,3,follower-down-5-003.json,8ba7a131c4f452aac014a4c628794062fa1a8c9b,1.9999647800868987,607.95096,2617.713232,3223.036206,120,0,0,0,60.001056616,true
follower caído,4,follower-down-5-004.json,8ba7a131c4f452aac014a4c628794062fa1a8c9b,1.9999743817281521,746.013822,3160.202271,4159.999363,120,0,0,0,60.000768558,true
follower caído,5,follower-down-5-005.json,8ba7a131c4f452aac014a4c628794062fa1a8c9b,1.7832961001318315,1142.906102,3487.649501,4654.533848,107,13,0,0,60.001252732,true
follower caído,6,follower-down-5-006.json,8ba7a131c4f452aac014a4c628794062fa1a8c9b,1.9942535611886276,772.392036,2974.184676,4190.919215,120,0,0,0,60.172889915,true
follower caído,7,follower-down-5-007.json,8ba7a131c4f452aac014a4c628794062fa1a8c9b,1.9962947472896866,616.938163,2221.225378,2814.86647,120,0,0,0,60.111363897,true
follower caído,8,follower-down-5-008.json,8ba7a131c4f452aac014a4c628794062fa1a8c9b,1.9507847242457492,791.078519,3375.112471,4560.839703,120,0,0,0,61.513707027,true
follower caído,9,follower-down-5-009.json,8ba7a131c4f452aac014a4c628794062fa1a8c9b,0.8767614651877622,747.739316,3735.251719,4735.224343,54,66,0,0,61.590298096,true
follower caído,10,follower-down-5-010.json,8ba7a131c4f452aac014a4c628794062fa1a8c9b,1.721214821717551,704.974552,3665.320613,4738.985639,107,12,0,1,62.165395423,true
follower caído,11,follower-down-5-011.json,8ba7a131c4f452aac014a4c628794062fa1a8c9b,1.8499900813090122,426.312299,2034.265263,2309.617176,111,9,0,0,60.000321689,true
follower caído,12,follower-down-5-012.json,8ba7a131c4f452aac014a4c628794062fa1a8c9b,1.8981296250161737,380.580809,1806.944032,2808.001206,114,6,0,0,60.059122674,true
follower caído,13,follower-down-5-013.json,8ba7a131c4f452aac014a4c628794062fa1a8c9b,1.9979618528407188,372.251958,1571.354279,2566.970444,120,0,0,0,60.061206789,true
follower caído,14,follower-down-5-014.json,8ba7a131c4f452aac014a4c628794062fa1a8c9b,1.9999678225510358,262.285696,1661.002822,2333.675804,120,0,0,0,60.000965339,true
follower caído,15,follower-down-5-015.json,8ba7a131c4f452aac014a4c628794062fa1a8c9b,1.9934581824413873,431.548107,1938.452154,2566.257678,120,0,0,0,60.196898564,true
follower caído,16,follower-down-5-016.json,8ba7a131c4f452aac014a4c628794062fa1a8c9b,1.992219197335835,380.595935,1600.530967,2379.12397,120,0,0,0,60.23433574,true
follower caído,17,follower-down-5-017.json,8ba7a131c4f452aac014a4c628794062fa1a8c9b,1.9835279806176482,395.127265,1574.771423,1984.084436,120,0,0,0,60.498264291,true
follower caído,18,follower-down-5-018.json,8ba7a131c4f452aac014a4c628794062fa1a8c9b,1.9999670100775098,289.335406,1217.46133,1717.386964,120,0,0,0,60.000989714,true
follower caído,19,follower-down-5-019.json,8ba7a131c4f452aac014a4c628794062fa1a8c9b,1.9076936381893426,326.521836,1764.457455,1961.690832,117,3,0,0,61.330602387,true
follower caído,20,follower-down-5-020.json,8ba7a131c4f452aac014a4c628794062fa1a8c9b,1.9843120354635673,338.04741,1357.753216,1947.157645,120,0,0,0,60.474359806,true
follower caído,21,follower-down-5-021.json,8ba7a131c4f452aac014a4c628794062fa1a8c9b,1.891506876218815,335.197597,1572.106275,2071.208614,114,6,0,0,60.269408181,true
follower caído,22,follower-down-5-022.json,8ba7a131c4f452aac014a4c628794062fa1a8c9b,1.5971516479497583,323.742669,2433.146214,3911.103446,96,24,0,0,60.107003692,true
follower caído,23,follower-down-5-023.json,8ba7a131c4f452aac014a4c628794062fa1a8c9b,1.9832973191661938,449.467246,1675.063991,2184.916852,119,0,0,1,60.001089524,true
follower caído,24,follower-down-5-024.json,8ba7a131c4f452aac014a4c628794062fa1a8c9b,1.9697140173510936,578.059612,3328.662605,4328.09022,119,0,0,1,60.414861727,true
follower caído,25,follower-down-5-025.json,8ba7a131c4f452aac014a4c628794062fa1a8c9b,1.916655548595049,420.316743,1686.204212,2081.053594,115,5,0,0,60.000348046,true
follower caído,26,follower-down-5-026.json,8ba7a131c4f452aac014a4c628794062fa1a8c9b,1.7999914307807954,333.968369,1759.368421,2231.110357,108,12,0,0,60.000285642,true
follower caído,27,follower-down-5-027.json,8ba7a131c4f452aac014a4c628794062fa1a8c9b,1.9999684465644842,292.331202,1562.544514,2562.311192,120,0,0,0,60.000946618,true
follower caído,28,follower-down-5-028.json,8ba7a131c4f452aac014a4c628794062fa1a8c9b,1.6999903318999838,593.398659,1952.422794,2390.567821,102,17,0,1,60.000341229,true
follower caído,29,follower-down-5-029.json,8ba7a131c4f452aac014a4c628794062fa1a8c9b,1.7499888366170457,434.335928,2152.265284,3152.05606,105,14,0,1,60.000382747,true
follower caído,30,follower-down-5-030.json,8ba7a131c4f452aac014a4c628794062fa1a8c9b,1.9984963714998605,635.763156,2935.227694,3934.557588,120,0,0,0,60.045142794,true
leader caído,1,leader-down-5-001.json,8ba7a131c4f452aac014a4c628794062fa1a8c9b,1.7999759848404087,465.704541,1916.739534,2389.080086,108,12,0,0,60.000800516,true
leader caído,2,leader-down-5-002.json,8ba7a131c4f452aac014a4c628794062fa1a8c9b,1.8830770468611016,765.628165,3228.279289,4015.773535,113,6,0,1,60.00816599,true
leader caído,3,leader-down-5-003.json,8ba7a131c4f452aac014a4c628794062fa1a8c9b,1.8166353938030757,308.35227,3009.990146,4510.094534,109,11,0,0,60.001032883,true
leader caído,4,leader-down-5-004.json,8ba7a131c4f452aac014a4c628794062fa1a8c9b,1.7454933669389698,289.622484,2165.525291,4165.990387,105,15,0,0,60.154912066,true
leader caído,5,leader-down-5-005.json,8ba7a131c4f452aac014a4c628794062fa1a8c9b,1.9166611516019803,630.858013,2552.717329,3990.983711,115,5,0,0,60.000172646,true
leader caído,6,leader-down-5-006.json,8ba7a131c4f452aac014a4c628794062fa1a8c9b,1.8332969979368234,358.312624,2234.574971,2734.639281,110,10,0,0,60.001189182,true
leader caído,7,leader-down-5-007.json,8ba7a131c4f452aac014a4c628794062fa1a8c9b,1.866650166163636,271.567499,2601.505638,4600.931325,112,8,0,0,60.000530378,true
leader caído,8,leader-down-5-008.json,8ba7a131c4f452aac014a4c628794062fa1a8c9b,1.583327285656433,395.554762,3000.766237,4999.824247,95,24,0,1,60.000229176,true
leader caído,9,leader-down-5-009.json,8ba7a131c4f452aac014a4c628794062fa1a8c9b,1.849976231012057,674.761646,3309.156292,5749.297899,111,8,0,1,60.000770896,true
leader caído,10,leader-down-5-010.json,8ba7a131c4f452aac014a4c628794062fa1a8c9b,1.855410860069744,663.878796,3222.925689,4363.773642,112,8,0,0,60.363988597,true
leader caído,11,leader-down-5-011.json,8ba7a131c4f452aac014a4c628794062fa1a8c9b,1.593780977586228,491.543398,3490.541321,4490.739282,96,23,0,1,60.234123352,true
leader caído,12,leader-down-5-012.json,8ba7a131c4f452aac014a4c628794062fa1a8c9b,1.6833213659564696,289.778906,2089.425418,3406.260673,101,19,0,0,60.000426563,true
leader caído,13,leader-down-5-013.json,8ba7a131c4f452aac014a4c628794062fa1a8c9b,1.883300124725574,610.859996,3463.307357,4462.97105,113,6,0,1,60.001057992,true
leader caído,14,leader-down-5-014.json,8ba7a131c4f452aac014a4c628794062fa1a8c9b,1.733320579676063,454.051509,2331.642905,3121.461279,104,15,0,1,60.000441476,true
leader caído,15,leader-down-5-015.json,8ba7a131c4f452aac014a4c628794062fa1a8c9b,1.699968578942432,761.328755,3764.836601,4652.973192,102,17,0,1,60.001108999,true
leader caído,16,leader-down-5-016.json,8ba7a131c4f452aac014a4c628794062fa1a8c9b,1.6666637125052362,864.320563,3854.104206,4854.275521,100,20,0,0,60.00010635,true
leader caído,17,leader-down-5-017.json,8ba7a131c4f452aac014a4c628794062fa1a8c9b,1.3574829861394202,431.871339,2270.03688,3025.644074,82,37,0,1,60.405913619,true
leader caído,18,leader-down-5-018.json,8ba7a131c4f452aac014a4c628794062fa1a8c9b,1.8499951951924791,683.888184,3152.916922,4152.866805,111,9,0,0,60.000155832,true
leader caído,19,leader-down-5-019.json,8ba7a131c4f452aac014a4c628794062fa1a8c9b,1.7833251138689952,352.428744,2818.718695,4715.26291,107,12,0,1,60.000276544,true
leader caído,20,leader-down-5-020.json,8ba7a131c4f452aac014a4c628794062fa1a8c9b,1.6999681591997189,336.012877,2894.482867,4454.088355,102,18,0,0,60.001123814,true
leader caído,21,leader-down-5-021.json,8ba7a131c4f452aac014a4c628794062fa1a8c9b,1.5166365741451397,364.365525,1690.405815,2956.702792,91,29,0,0,60.001190497,true
leader caído,22,leader-down-5-022.json,8ba7a131c4f452aac014a4c628794062fa1a8c9b,1.6812110643918499,410.117113,1837.755333,2658.980276,101,19,0,0,60.07574072,true
leader caído,23,leader-down-5-023.json,8ba7a131c4f452aac014a4c628794062fa1a8c9b,1.766635701046655,462.015994,2794.274897,4765.860615,106,14,0,0,60.001051681,true
leader caído,24,leader-down-5-024.json,8ba7a131c4f452aac014a4c628794062fa1a8c9b,1.8646770564586452,382.735612,1754.961706,2648.901392,113,7,0,0,60.600305886,true
leader caído,25,leader-down-5-025.json,8ba7a131c4f452aac014a4c628794062fa1a8c9b,1.866633490211881,268.750016,2110.00351,4108.874615,112,8,0,0,60.001066405,true
leader caído,26,leader-down-5-026.json,8ba7a131c4f452aac014a4c628794062fa1a8c9b,1.8833291008022899,336.056472,2523.276486,4523.440508,113,7,0,0,60.000134842,true
leader caído,27,leader-down-5-027.json,8ba7a131c4f452aac014a4c628794062fa1a8c9b,1.7945529111489018,418.225577,2367.860032,4321.829989,108,11,0,1,60.182120755,true
leader caído,28,leader-down-5-028.json,8ba7a131c4f452aac014a4c628794062fa1a8c9b,1.8832980891359519,393.344781,3030.697118,4889.165113,113,6,0,1,60.001122845,true
leader caído,29,leader-down-5-029.json,8ba7a131c4f452aac014a4c628794062fa1a8c9b,1.8999866052527652,411.520999,1585.149257,2057.18531,114,6,0,0,60.000422995,true
leader caído,30,leader-down-5-030.json,8ba7a131c4f452aac014a4c628794062fa1a8c9b,1.8999730446390886,372.501825,3129.682324,4170.52823,114,6,0,0,60.000851234,true
partición de leader,1,leader-partition-5-001.json,8ba7a131c4f452aac014a4c628794062fa1a8c9b,1.8825162577111878,425.048118,1880.498332,3045.735928,113,6,0,1,60.026042026,true
partición de leader,2,leader-partition-5-002.json,8ba7a131c4f452aac014a4c628794062fa1a8c9b,1.8666588985034387,308.38228,1443.620808,2085.507402,112,7,0,1,60.000249692,true
partición de leader,3,leader-partition-5-003.json,8ba7a131c4f452aac014a4c628794062fa1a8c9b,1.783300541051891,344.833925,1544.190064,1969.087028,107,13,0,0,60.001103312,true
partición de leader,4,leader-partition-5-004.json,8ba7a131c4f452aac014a4c628794062fa1a8c9b,1.836184037651994,298.74156,1408.974589,2105.410788,112,8,0,0,60.996064503,true
partición de leader,5,leader-partition-5-005.json,8ba7a131c4f452aac014a4c628794062fa1a8c9b,1.849981744626808,325.374638,2239.700007,3239.833328,111,9,0,0,60.000592072,true
partición de leader,6,leader-partition-5-006.json,8ba7a131c4f452aac014a4c628794062fa1a8c9b,1.8503793411132674,368.629483,1887.177883,2510.208524,112,8,0,0,60.528129293,true
partición de leader,7,leader-partition-5-007.json,8ba7a131c4f452aac014a4c628794062fa1a8c9b,1.449988277231442,275.631947,1269.538965,2756.686569,87,33,0,0,60.000485084,true
partición de leader,8,leader-partition-5-008.json,8ba7a131c4f452aac014a4c628794062fa1a8c9b,1.6166581406002432,416.146356,2586.620333,3586.306595,97,23,0,0,60.000316433,true
partición de leader,9,leader-partition-5-009.json,8ba7a131c4f452aac014a4c628794062fa1a8c9b,1.7333162684591186,311.61878,1839.331927,2339.594041,104,16,0,0,60.000590713,true
partición de leader,10,leader-partition-5-010.json,8ba7a131c4f452aac014a4c628794062fa1a8c9b,1.6166428741023837,394.741068,2131.794696,2916.659173,97,23,0,0,60.000883036,true
partición de leader,11,leader-partition-5-011.json,8ba7a131c4f452aac014a4c628794062fa1a8c9b,1.8999917514708098,290.150779,1788.343718,2332.024637,114,5,0,1,60.000260481,true
partición de leader,12,leader-partition-5-012.json,8ba7a131c4f452aac014a4c628794062fa1a8c9b,1.249987399835346,379.306428,3232.0022,4731.19132,75,45,0,0,60.000604814,true
partición de leader,13,leader-partition-5-013.json,8ba7a131c4f452aac014a4c628794062fa1a8c9b,1.649982299622383,620.678906,2304.662505,3490.352305,99,21,0,0,60.000643657,true
partición de leader,14,leader-partition-5-014.json,8ba7a131c4f452aac014a4c628794062fa1a8c9b,1.2862754226748176,481.704781,1867.193791,2366.897701,78,42,0,0,60.640200866,true
partición de leader,15,leader-partition-5-015.json,8ba7a131c4f452aac014a4c628794062fa1a8c9b,1.8366907880020733,428.832603,2192.272006,4190.340373,111,9,0,0,60.434777985,true
partición de leader,16,leader-partition-5-016.json,8ba7a131c4f452aac014a4c628794062fa1a8c9b,1.6166556227262783,375.600875,2015.555733,3872.420218,97,23,0,0,60.000409881,true
partición de leader,17,leader-partition-5-017.json,8ba7a131c4f452aac014a4c628794062fa1a8c9b,1.8833275380833883,389.143137,2109.093787,3006.982715,113,7,0,0,60.000184628,true
partición de leader,18,leader-partition-5-018.json,8ba7a131c4f452aac014a4c628794062fa1a8c9b,1.8166529314988475,416.580118,1496.213209,2466.457237,109,10,0,1,60.000453642,true
partición de leader,19,leader-partition-5-019.json,8ba7a131c4f452aac014a4c628794062fa1a8c9b,1.8821105031463226,345.365,1251.530488,2028.710059,113,7,0,0,60.038982733,true
partición de leader,20,leader-partition-5-020.json,8ba7a131c4f452aac014a4c628794062fa1a8c9b,1.8501285156901806,598.159031,3555.437527,5554.804649,112,8,0,0,60.536335206,true
partición de leader,21,leader-partition-5-021.json,8ba7a131c4f452aac014a4c628794062fa1a8c9b,1.813697103452241,488.13682,2576.427201,3155.495434,109,10,0,1,60.098237899,true
partición de leader,22,leader-partition-5-022.json,8ba7a131c4f452aac014a4c628794062fa1a8c9b,1.8166490036911787,479.042414,2598.806459,3099.697126,109,11,0,0,60.00058337,true
partición de leader,23,leader-partition-5-023.json,8ba7a131c4f452aac014a4c628794062fa1a8c9b,1.6513217521184784,250.717838,1662.398447,2330.573997,101,18,0,1,61.163125763,true
partición de leader,24,leader-partition-5-024.json,8ba7a131c4f452aac014a4c628794062fa1a8c9b,1.5332996274209436,444.712696,2277.549196,3691.975486,92,28,0,0,60.001318956,true
partición de leader,25,leader-partition-5-025.json,8ba7a131c4f452aac014a4c628794062fa1a8c9b,1.4820595629735445,407.655199,1834.164833,3158.568371,90,30,0,0,60.726304292,true
partición de leader,26,leader-partition-5-026.json,8ba7a131c4f452aac014a4c628794062fa1a8c9b,1.7178737914292959,300.423491,1738.655457,2907.145028,104,15,0,1,60.539953819,true
partición de leader,27,leader-partition-5-027.json,8ba7a131c4f452aac014a4c628794062fa1a8c9b,1.8704399761505766,679.466233,2878.392039,3585.342016,113,7,0,0,60.413593294,true
partición de leader,28,leader-partition-5-028.json,8ba7a131c4f452aac014a4c628794062fa1a8c9b,1.8333120668522476,372.737015,1761.913544,2255.406715,110,10,0,0,60.000696002,true
partición de leader,29,leader-partition-5-029.json,8ba7a131c4f452aac014a4c628794062fa1a8c9b,1.8499914112298743,634.428662,2394.323951,3054.284584,111,9,0,0,60.000278556,true
partición de leader,30,leader-partition-5-030.json,8ba7a131c4f452aac014a4c628794062fa1a8c9b,1.8956818542339533,635.554574,2543.908547,3226.194536,114,6,0,0,60.136673116,true
